{"cameraMode":{"drawMode":0,"name":"Shaded","section":"Shading Mode"},"sceneLighting":false,"audioPlay":false,"sceneViewState":{"showFog":false,"showMaterialUpdate":false,"showSkybox":false,"showFlares":false,"showImageEffects":false,"showParticleSystems":false},"in2DMode":false,"pivot":{"x":-11.945711135864258,"y":2.0038490295410158,"z":122.77666473388672},"rotation":{"x":-0.19777603447437287,"y":-0.6653010845184326,"z":0.189597487449646,"w":-0.694636344909668},"size":2.8578836917877199,"orthographic":false}