{"cameraMode":{"drawMode":0,"name":"Shaded","section":"Shading Mode"},"sceneLighting":true,"audioPlay":false,"sceneViewState":{"showFog":false,"showMaterialUpdate":false,"showSkybox":false,"showFlares":false,"showImageEffects":false,"showParticleSystems":false},"in2DMode":false,"pivot":{"x":8.316780090332032,"y":1.4421424865722657,"z":-2.81351375579834},"rotation":{"x":-0.019593751057982446,"y":-0.9256991744041443,"z":0.3750419616699219,"w":-0.050055235624313357},"size":22.983055114746095,"orthographic":false}