{"cameraMode":{"drawMode":0,"name":"Shaded","section":"Shading Mode"},"sceneLighting":false,"audioPlay":false,"sceneViewState":{"showFog":true,"showMaterialUpdate":true,"showSkybox":true,"showFlares":true,"showImageEffects":true,"showParticleSystems":true},"in2DMode":false,"pivot":{"x":201.70236206054688,"y":270.54833984375,"z":-135.5928192138672},"rotation":{"x":0.21734601259231568,"y":-0.20963428914546967,"z":0.047960299998521808,"w":0.9523643851280212},"size":120.0311279296875,"orthographic":false}