{"cameraMode":{"drawMode":0,"name":"Shaded","section":"Shading Mode"},"sceneLighting":false,"audioPlay":false,"sceneViewState":{"showFog":false,"showMaterialUpdate":false,"showSkybox":false,"showFlares":false,"showImageEffects":false,"showParticleSystems":false},"in2DMode":false,"pivot":{"x":-1.0670639276504517,"y":1.3809689283370972,"z":118.54126739501953},"rotation":{"x":-0.017796404659748079,"y":-0.9019069075584412,"z":0.037367429584264758,"w":-0.42999720573425295},"size":17.155925750732423,"orthographic":false}