{"cameraMode":{"drawMode":0,"name":"Shaded","section":"Shading Mode"},"sceneLighting":false,"audioPlay":false,"sceneViewState":{"showFog":false,"showMaterialUpdate":false,"showSkybox":false,"showFlares":false,"showImageEffects":false,"showParticleSystems":false},"in2DMode":false,"pivot":{"x":-8.168623924255371,"y":1.1084296703338624,"z":18.360111236572267},"rotation":{"x":-0.08048954606056214,"y":-0.5811904668807983,"z":0.0578906387090683,"w":-0.8077240586280823},"size":1.1786224842071534,"orthographic":false}