{"cameraMode":{"drawMode":0,"name":"Shaded","section":"Shading Mode"},"sceneLighting":false,"audioPlay":false,"sceneViewState":{"showFog":true,"showMaterialUpdate":true,"showSkybox":true,"showFlares":true,"showImageEffects":true,"showParticleSystems":true},"in2DMode":false,"pivot":{"x":-0.6852993965148926,"y":1.5797311067581177,"z":-7.11985445022583},"rotation":{"x":0.0020281949546188118,"y":-0.9922093749046326,"z":0.01728483848273754,"w":0.12529054284095765},"size":13.135099411010743,"orthographic":false}