{"cameraMode":{"drawMode":0,"name":"Shaded","section":"Shading Mode"},"sceneLighting":false,"audioPlay":false,"sceneViewState":{"showFog":false,"showMaterialUpdate":false,"showSkybox":false,"showFlares":false,"showImageEffects":false,"showParticleSystems":false},"in2DMode":false,"pivot":{"x":1.6946367025375367,"y":1.7898194789886475,"z":1.0989532470703126},"rotation":{"x":0.26027047634124758,"y":-0.6442732810974121,"z":0.24900633096694947,"w":0.6749910116195679},"size":10.067645072937012,"orthographic":false}