{"cameraMode":{"drawMode":0,"name":"Shaded","section":"Shading Mode"},"sceneLighting":false,"audioPlay":false,"sceneViewState":{"showFog":false,"showMaterialUpdate":false,"showSkybox":false,"showFlares":false,"showImageEffects":false,"showParticleSystems":false},"in2DMode":false,"pivot":{"x":16.93288803100586,"y":-2.692373037338257,"z":15.522125244140625},"rotation":{"x":-0.08588498085737229,"y":-0.41958197951316836,"z":0.03982929512858391,"w":-0.9028353691101074},"size":27.386302947998048,"orthographic":false}