{"cameraMode":{"drawMode":0,"name":"Shaded","section":"Shading Mode"},"sceneLighting":true,"audioPlay":false,"sceneViewState":{"showFog":false,"showMaterialUpdate":false,"showSkybox":false,"showFlares":false,"showImageEffects":false,"showParticleSystems":false},"in2DMode":false,"pivot":{"x":0.7867447137832642,"y":0.7075054049491882,"z":0.4918922185897827},"rotation":{"x":-0.030791927129030229,"y":-0.3952273428440094,"z":-0.013449273072183133,"w":0.9180859923362732},"size":2.113298177719116,"orthographic":false}