{"cameraMode":{"drawMode":0,"name":"Shaded","section":"Shading Mode"},"sceneLighting":false,"audioPlay":false,"sceneViewState":{"showFog":false,"showMaterialUpdate":false,"showSkybox":false,"showFlares":false,"showImageEffects":false,"showParticleSystems":false},"in2DMode":false,"pivot":{"x":4.377208232879639,"y":0.01602211408317089,"z":-3.975895881652832},"rotation":{"x":0.10426992923021317,"y":0.01818614825606346,"z":-0.0013443361967802048,"w":0.9950318336486816},"size":8.307312965393067,"orthographic":false}