{"cameraMode":{"drawMode":0,"name":"Shaded","section":"Shading Mode"},"sceneLighting":false,"audioPlay":false,"sceneViewState":{"showFog":false,"showMaterialUpdate":false,"showSkybox":false,"showFlares":false,"showImageEffects":false,"showParticleSystems":false},"in2DMode":false,"pivot":{"x":0.26381856203079226,"y":0.7131778597831726,"z":0.3414297103881836},"rotation":{"x":0.30255717039108279,"y":-0.52336186170578,"z":0.20552393794059754,"w":0.7697970271110535},"size":1.1819677352905274,"orthographic":false}