{"cameraMode":{"drawMode":0,"name":"Shaded","section":"Shading Mode"},"sceneLighting":false,"audioPlay":false,"sceneViewState":{"showFog":false,"showMaterialUpdate":false,"showSkybox":false,"showFlares":false,"showImageEffects":false,"showParticleSystems":false},"in2DMode":false,"pivot":{"x":-0.28763824701309206,"y":-0.8807435035705566,"z":-2.7946367263793947},"rotation":{"x":-0.0390385165810585,"y":-0.3318966031074524,"z":0.013823771849274636,"w":-0.9430859088897705},"size":0.00005715767838410102,"orthographic":false}