{"cameraMode":{"drawMode":0,"name":"Shaded","section":"Shading Mode"},"sceneLighting":false,"audioPlay":false,"sceneViewState":{"showFog":false,"showMaterialUpdate":false,"showSkybox":false,"showFlares":false,"showImageEffects":false,"showParticleSystems":false},"in2DMode":false,"pivot":{"x":-18.171127319335939,"y":1.6573803424835206,"z":119.33747863769531},"rotation":{"x":0.015357031486928463,"y":0.7126442193984985,"z":-0.015608571469783783,"w":0.7011894583702087},"size":11.007994651794434,"orthographic":false}