{"cameraMode":{"drawMode":0,"name":"Shaded","section":"Shading Mode"},"sceneLighting":true,"audioPlay":false,"sceneViewState":{"showFog":false,"showMaterialUpdate":false,"showSkybox":false,"showFlares":false,"showImageEffects":false,"showParticleSystems":false},"in2DMode":false,"pivot":{"x":-22.250879287719728,"y":-38.189453125,"z":-16.487285614013673},"rotation":{"x":0.20181064307689668,"y":-0.3042442202568054,"z":0.06588494032621384,"w":0.9287543892860413},"size":1.225572109222412,"orthographic":false}