{"cameraMode":{"drawMode":0,"name":"Shaded","section":"Shading Mode"},"sceneLighting":true,"audioPlay":false,"sceneViewState":{"showFog":false,"showMaterialUpdate":false,"showSkybox":false,"showFlares":false,"showImageEffects":false,"showParticleSystems":false},"in2DMode":false,"pivot":{"x":1.5964277982711793,"y":1.380152940750122,"z":-2.521651029586792},"rotation":{"x":0.10074864327907562,"y":-0.8990228772163391,"z":0.30295902490615847,"w":0.3003058433532715},"size":10.81977367401123,"orthographic":false}