{"cameraMode":{"drawMode":0,"name":"Shaded","section":"Shading Mode"},"sceneLighting":true,"audioPlay":false,"sceneViewState":{"showFog":false,"showMaterialUpdate":false,"showSkybox":false,"showFlares":false,"showImageEffects":false,"showParticleSystems":false},"in2DMode":false,"pivot":{"x":45.338165283203128,"y":-11.567638397216797,"z":16.306156158447267},"rotation":{"x":-0.17794913053512574,"y":0.6071946620941162,"z":-0.14326196908950807,"w":-0.7614834308624268},"size":40.010372161865237,"orthographic":false}