{"cameraMode":{"drawMode":2,"name":"Shaded Wireframe","section":"Shading Mode"},"sceneLighting":false,"audioPlay":false,"sceneViewState":{"showFog":true,"showMaterialUpdate":true,"showSkybox":true,"showFlares":true,"showImageEffects":true,"showParticleSystems":true},"in2DMode":false,"pivot":{"x":405.9500427246094,"y":0.7570464015007019,"z":193.43333435058595},"rotation":{"x":0.015887411311268808,"y":0.5623664855957031,"z":-0.00865512527525425,"w":0.8269922733306885},"size":2.629903554916382,"orthographic":false}