{"cameraMode":{"drawMode":0,"name":"Shaded","section":"Shading Mode"},"sceneLighting":true,"audioPlay":false,"sceneViewState":{"showFog":false,"showMaterialUpdate":false,"showSkybox":false,"showFlares":false,"showImageEffects":false,"showParticleSystems":false},"in2DMode":false,"pivot":{"x":2.488816261291504,"y":-41.26791000366211,"z":270.8059387207031},"rotation":{"x":0.17042678594589234,"y":-0.6459858417510986,"z":0.15114988386631013,"w":0.7286063432693481},"size":18.8741455078125,"orthographic":false}