{"cameraMode":{"drawMode":0,"name":"Shaded","section":"Shading Mode"},"sceneLighting":false,"audioPlay":false,"sceneViewState":{"showFog":false,"showMaterialUpdate":false,"showSkybox":false,"showFlares":false,"showImageEffects":false,"showParticleSystems":false},"in2DMode":false,"pivot":{"x":-11.24571704864502,"y":2.044179677963257,"z":26.042591094970704},"rotation":{"x":0.0017690574750304223,"y":-0.06228650361299515,"z":-0.01440737210214138,"w":0.9993131160736084},"size":2.0628795623779299,"orthographic":false}